7,7,http://wmsbeta.luxkutumb.info/lux-kutumb?qr=F076G055/2/05/0000k8qa/022026
7,7,http://wmsbeta.luxkutumb.info/lux-kutumb?qr=F076G055/2/05/0000k8qt/022026
7,7,http://wmsbeta.luxkutumb.info/lux-kutumb?qr=F076G055/2/05/0000k8pn/022026
7,7,http://wmsbeta.luxkutumb.info/lux-kutumb?qr=FH1LS110/3/05/0000k8pi/022026
7,7,http://wmsbeta.luxkutumb.info/lux-kutumb?qr=F076G055/2/05/0000k8qw/022026
7,7,http://wmsbeta.luxkutumb.info/lux-kutumb?qr=F076G055/2/05/0000k8qu/022026
8,8,None
9,9,None
10,10,None
11,11,http://wmsbeta.luxkutumb.info/lux-kutumb?qr=F076G055/2/05/0000k8qt/022026
11,11,http://wmsbeta.luxkutumb.info/lux-kutumb?qr=F076G055/2/05/0000k8pn/022026
11,11,http://wmsbeta.luxkutumb.info/lux-kutumb?qr=F076G055/2/05/0000k8qu/022026
11,11,http://wmsbeta.luxkutumb.info/lux-kutumb?qr=F076G055/2/05/0000k8qa/022026
11,11,http://wmsbeta.luxkutumb.info/lux-kutumb?qr=F076G055/2/05/0000k8qw/022026
13,13,http://wmsbeta.luxkutumb.info/lux-kutumb?qr=F076G055/2/05/0000k8qt/022026
13,13,http://wmsbeta.luxkutumb.info/lux-kutumb?qr=F076G055/2/05/0000k8pn/022026
13,13,http://wmsbeta.luxkutumb.info/lux-kutumb?qr=F076G055/2/05/0000k8qa/022026
13,13,http://wmsbeta.luxkutumb.info/lux-kutumb?qr=FH1LS110/3/05/0000k8pi/022026
13,13,http://wmsbeta.luxkutumb.info/lux-kutumb?qr=F076G055/2/05/0000k8qu/022026
13,13,http://wmsbeta.luxkutumb.info/lux-kutumb?qr=F076G055/2/05/0000k8qw/022026
14,14,http://wmsbeta.luxkutumb.info/lux-kutumb?qr=F076G055/2/05/0000k8qw/022026
14,14,http://wmsbeta.luxkutumb.info/lux-kutumb?qr=FH1LS110/3/05/0000k8pi/022026
14,14,http://wmsbeta.luxkutumb.info/lux-kutumb?qr=F076G055/2/05/0000k8qu/022026
14,14,http://wmsbeta.luxkutumb.info/lux-kutumb?qr=F076G055/2/05/0000k8qt/022026
14,14,http://wmsbeta.luxkutumb.info/lux-kutumb?qr=F076G055/2/05/0000k8pn/022026
14,14,http://wmsbeta.luxkutumb.info/lux-kutumb?qr=F076G055/2/05/0000k8qa/022026
15,15,http://wmsbeta.luxkutumb.info/lux-kutumb?qr=F076G055/2/05/0000k8pn/022026
15,15,http://wmsbeta.luxkutumb.info/lux-kutumb?qr=F076G055/2/05/0000k8qa/022026
15,15,http://wmsbeta.luxkutumb.info/lux-kutumb?qr=F076G055/2/05/0000k8qt/022026
15,15,http://wmsbeta.luxkutumb.info/lux-kutumb?qr=F076G055/2/05/0000k8qu/022026
15,15,http://wmsbeta.luxkutumb.info/lux-kutumb?qr=FH1LS110/3/05/0000k8pi/022026
15,15,http://wmsbeta.luxkutumb.info/lux-kutumb?qr=F076G055/2/05/0000k8qw/022026
16,16,None
17,17,None
18,18,None
19,19,None
20,20,None
21,21,None
