18,18,http://wmsbeta.luxkutumb.info/lux-kutumb?qr=FG32400M/2/10/0000k8ur/022026
18,18,http://wmsbeta.luxkutumb.info/lux-kutumb?qr=FG32400M/2/10/0000k8ux/022026
18,18,http://wmsbeta.luxkutumb.info/lux-kutumb?qr=FH1LS110/3/05/0000k8pl/022026
18,18,http://wmsbeta.luxkutumb.info/lux-kutumb?qr=F076G055/2/05/0000k8qx/022026
18,18,http://wmsbeta.luxkutumb.info/lux-kutumb?qr=FG32400M/2/10/0000k8v1/022026
18,18,http://wmsbeta.luxkutumb.info/lux-kutumb?qr=FG32400M/2/10/0000k8un/022026
19,19,http://wmsbeta.luxkutumb.info/lux-kutumb?qr=F076G055/2/05/0000k8pn/022026
19,19,http://wmsbeta.luxkutumb.info/lux-kutumb?qr=FH1LS110/3/05/0000k8pi/022026
19,19,http://wmsbeta.luxkutumb.info/lux-kutumb?qr=F076G055/2/05/0000k8qt/022026
19,19,http://wmsbeta.luxkutumb.info/lux-kutumb?qr=F076G055/2/05/0000k8qu/022026
19,19,http://wmsbeta.luxkutumb.info/lux-kutumb?qr=F076G055/2/05/0000k8qw/022026
19,19,http://wmsbeta.luxkutumb.info/lux-kutumb?qr=F076G055/2/05/0000k8qa/022026
20,20,None
21,21,http://wmsbeta.luxkutumb.info/lux-kutumb?qr=FH1LS110/3/05/0000k8pl/022026
21,21,http://wmsbeta.luxkutumb.info/lux-kutumb?qr=FG32400M/2/10/0000k8un/022026
21,21,http://wmsbeta.luxkutumb.info/lux-kutumb?qr=FG32400M/2/10/0000k8ur/022026
21,21,http://wmsbeta.luxkutumb.info/lux-kutumb?qr=FG32400M/2/10/0000k8v1/022026
21,21,http://wmsbeta.luxkutumb.info/lux-kutumb?qr=FG32400M/2/10/0000k8ux/022026
21,21,http://wmsbeta.luxkutumb.info/lux-kutumb?qr=F076G055/2/05/0000k8qx/022026
22,22,None
23,23,http://wmsbeta.luxkutumb.info/lux-kutumb?qr=FG32400M/2/10/0000k8un/022026
23,23,http://wmsbeta.luxkutumb.info/lux-kutumb?qr=FH1LS110/3/05/0000k8pl/022026
23,23,http://wmsbeta.luxkutumb.info/lux-kutumb?qr=FG32400M/2/10/0000k8ur/022026
23,23,http://wmsbeta.luxkutumb.info/lux-kutumb?qr=FG32400M/2/10/0000k8ux/022026
23,23,http://wmsbeta.luxkutumb.info/lux-kutumb?qr=F076G055/2/05/0000k8qx/022026
23,23,http://wmsbeta.luxkutumb.info/lux-kutumb?qr=FG32400M/2/10/0000k8v1/022026
24,24,http://wmsbeta.luxkutumb.info/lux-kutumb?qr=FG32400M/2/10/0000k8un/022026
24,24,http://wmsbeta.luxkutumb.info/lux-kutumb?qr=FH1LS110/3/05/0000k8pl/022026
24,24,http://wmsbeta.luxkutumb.info/lux-kutumb?qr=FG32400M/2/10/0000k8ux/022026
24,24,http://wmsbeta.luxkutumb.info/lux-kutumb?qr=FG32400M/2/10/0000k8v1/022026
24,24,http://wmsbeta.luxkutumb.info/lux-kutumb?qr=F076G055/2/05/0000k8qx/022026
25,25,http://wmsbeta.luxkutumb.info/lux-kutumb?qr=FG32400M/2/10/0000k8uy/022026
25,25,http://wmsbeta.luxkutumb.info/lux-kutumb?qr=FG32400M/2/10/0000k8uf/022026
25,25,http://wmsbeta.luxkutumb.info/lux-kutumb?qr=FG32400M/2/10/0000k8uq/022026
25,25,http://wmsbeta.luxkutumb.info/lux-kutumb?qr=FG32400M/2/10/0000k8up/022026
25,25,http://wmsbeta.luxkutumb.info/lux-kutumb?qr=FG32400M/2/10/0000k8v3/022026
25,25,http://wmsbeta.luxkutumb.info/lux-kutumb?qr=FG32400M/2/10/0000k8ug/022026
25,25,http://wmsbeta.luxkutumb.info/lux-kutumb?qr=FG32400M/2/10/0000k8uu/022026
25,25,http://wmsbeta.luxkutumb.info/lux-kutumb?qr=F076G055/2/05/0000k8q9/022026
26,26,http://wmsbeta.luxkutumb.info/lux-kutumb?qr=FG32400M/2/10/0000k8v1/022026
26,26,http://wmsbeta.luxkutumb.info/lux-kutumb?qr=FH1LS110/3/05/0000k8pl/022026
26,26,http://wmsbeta.luxkutumb.info/lux-kutumb?qr=FG32400M/2/10/0000k8ux/022026
26,26,http://wmsbeta.luxkutumb.info/lux-kutumb?qr=FG32400M/2/10/0000k8ur/022026
26,26,http://wmsbeta.luxkutumb.info/lux-kutumb?qr=F076G055/2/05/0000k8qx/022026
26,26,http://wmsbeta.luxkutumb.info/lux-kutumb?qr=FG32400M/2/10/0000k8un/022026
27,27,http://wmsbeta.luxkutumb.info/lux-kutumb?qr=FG32400M/2/10/0000k8uf/022026
27,27,http://wmsbeta.luxkutumb.info/lux-kutumb?qr=FG32400M/2/10/0000k8uy/022026
27,27,http://wmsbeta.luxkutumb.info/lux-kutumb?qr=FG32400M/2/10/0000k8uq/022026
27,27,http://wmsbeta.luxkutumb.info/lux-kutumb?qr=FG32400M/2/10/0000k8up/022026
27,27,http://wmsbeta.luxkutumb.info/lux-kutumb?qr=FG32400M/2/10/0000k8ug/022026
27,27,http://wmsbeta.luxkutumb.info/lux-kutumb?qr=FG32400M/2/10/0000k8v3/022026
27,27,http://wmsbeta.luxkutumb.info/lux-kutumb?qr=FG32400M/2/10/0000k8uu/022026
27,27,http://wmsbeta.luxkutumb.info/lux-kutumb?qr=F076G055/2/05/0000k8q9/022026
28,28,http://wmsbeta.luxkutumb.info/lux-kutumb?qr=F076G055/2/05/0000k8qt/022026
28,28,http://wmsbeta.luxkutumb.info/lux-kutumb?qr=F076G055/2/05/0000k8pn/022026
28,28,http://wmsbeta.luxkutumb.info/lux-kutumb?qr=FH1LS110/3/05/0000k8pi/022026
28,28,http://wmsbeta.luxkutumb.info/lux-kutumb?qr=F076G055/2/05/0000k8qa/022026
28,28,http://wmsbeta.luxkutumb.info/lux-kutumb?qr=F076G055/2/05/0000k8qu/022026
28,28,http://wmsbeta.luxkutumb.info/lux-kutumb?qr=F076G055/2/05/0000k8qw/022026
29,29,http://wmsbeta.luxkutumb.info/lux-kutumb?qr=FG32400M/2/10/0000k8uy/022026
29,29,http://wmsbeta.luxkutumb.info/lux-kutumb?qr=FG32400M/2/10/0000k8v3/022026
29,29,http://wmsbeta.luxkutumb.info/lux-kutumb?qr=FG32400M/2/10/0000k8uq/022026
29,29,http://wmsbeta.luxkutumb.info/lux-kutumb?qr=FG32400M/2/10/0000k8uf/022026
29,29,http://wmsbeta.luxkutumb.info/lux-kutumb?qr=FG32400M/2/10/0000k8uu/022026
29,29,http://wmsbeta.luxkutumb.info/lux-kutumb?qr=FG32400M/2/10/0000k8up/022026
29,29,http://wmsbeta.luxkutumb.info/lux-kutumb?qr=F076G055/2/05/0000k8q9/022026
29,29,http://wmsbeta.luxkutumb.info/lux-kutumb?qr=FG32400M/2/10/0000k8ug/022026
30,30,http://wmsbeta.luxkutumb.info/lux-kutumb?qr=FG32400M/2/10/0000k8ud/022026
30,30,http://wmsbeta.luxkutumb.info/lux-kutumb?qr=FH1LS110/3/05/0000k8pk/022026
30,30,http://wmsbeta.luxkutumb.info/lux-kutumb?qr=F076G055/2/05/0000k8qs/022026
30,30,http://wmsbeta.luxkutumb.info/lux-kutumb?qr=F076G055/2/05/0000k8qd/022026
30,30,http://wmsbeta.luxkutumb.info/lux-kutumb?qr=F076G055/2/05/0000k8pp/022026
33,33,http://wmsbeta.luxkutumb.info/lux-kutumb?qr=FG32400M/2/10/0000k8ur/022026
33,33,http://wmsbeta.luxkutumb.info/lux-kutumb?qr=FG32400M/2/10/0000k8v1/022026
33,33,http://wmsbeta.luxkutumb.info/lux-kutumb?qr=FH1LS110/3/05/0000k8pl/022026
33,33,http://wmsbeta.luxkutumb.info/lux-kutumb?qr=F076G055/2/05/0000k8qx/022026
33,33,http://wmsbeta.luxkutumb.info/lux-kutumb?qr=FG32400M/2/10/0000k8ux/022026
33,33,http://wmsbeta.luxkutumb.info/lux-kutumb?qr=FG32400M/2/10/0000k8un/022026
34,34,http://wmsbeta.luxkutumb.info/lux-kutumb?qr=F076G055/2/05/0000k8qs/022026
34,34,http://wmsbeta.luxkutumb.info/lux-kutumb?qr=FG32400M/2/10/0000k8ud/022026
34,34,http://wmsbeta.luxkutumb.info/lux-kutumb?qr=FH1LS110/3/05/0000k8pk/022026
34,34,http://wmsbeta.luxkutumb.info/lux-kutumb?qr=F076G055/2/05/0000k8qd/022026
34,34,http://wmsbeta.luxkutumb.info/lux-kutumb?qr=F076G055/2/05/0000k8pp/022026
35,35,http://wmsbeta.luxkutumb.info/lux-kutumb?qr=FW3240XL/2/10/0000k7uc/022026
35,35,http://wmsbeta.luxkutumb.info/lux-kutumb?qr=FB32400L/2/10/0000k7ub/022026
35,35,http://wmsbeta.luxkutumb.info/lux-kutumb?qr=FR32300M/2/10/0000K7U7/022026
35,35,http://wmsbeta.luxkutumb.info/lux-kutumb?qr=FNCWN100/2/10/0000k7u8/022026
35,35,http://wmsbeta.luxkutumb.info/lux-kutumb?qr=FB32400L/2/10/0000k7ua/022026
35,35,http://wmsbeta.luxkutumb.info/lux-kutumb?qr=FNCWN100/2/10/0000k7u9/022026
36,36,http://wmsbeta.luxkutumb.info/lux-kutumb?qr=FG32400M/2/10/0000k8ud/022026
36,36,http://wmsbeta.luxkutumb.info/lux-kutumb?qr=F076G055/2/05/0000k8qs/022026
36,36,http://wmsbeta.luxkutumb.info/lux-kutumb?qr=F076G055/2/05/0000k8qd/022026
36,36,http://wmsbeta.luxkutumb.info/lux-kutumb?qr=F076G055/2/05/0000k8q8/022026
36,36,http://wmsbeta.luxkutumb.info/lux-kutumb?qr=F076G055/2/05/0000k8pp/022026
36,36,http://wmsbeta.luxkutumb.info/lux-kutumb?qr=FH1LS110/3/05/0000k8pk/022026
37,37,http://wmsbeta.luxkutumb.info/lux-kutumb?qr=F076G055/2/05/0000k8pn/022026
37,37,http://wmsbeta.luxkutumb.info/lux-kutumb?qr=F076G055/2/05/0000k8qu/022026
37,37,http://wmsbeta.luxkutumb.info/lux-kutumb?qr=F076G055/2/05/0000k8qw/022026
37,37,http://wmsbeta.luxkutumb.info/lux-kutumb?qr=F076G055/2/05/0000k8qt/022026
37,37,http://wmsbeta.luxkutumb.info/lux-kutumb?qr=FH1LS110/3/05/0000k8pi/022026
37,37,http://wmsbeta.luxkutumb.info/lux-kutumb?qr=F076G055/2/05/0000k8qa/022026
38,38,None
39,39,http://wmsbeta.luxkutumb.info/lux-kutumb?qr=FNCWN100/2/10/0000k7u9/022026
39,39,http://wmsbeta.luxkutumb.info/lux-kutumb?qr=FW3240XL/2/10/0000k7uc/022026
39,39,http://wmsbeta.luxkutumb.info/lux-kutumb?qr=FNCWN100/2/10/0000k7u8/022026
39,39,http://wmsbeta.luxkutumb.info/lux-kutumb?qr=FB32400L/2/10/0000k7ua/022026
39,39,http://wmsbeta.luxkutumb.info/lux-kutumb?qr=FR32300M/2/10/0000K7U7/022026
39,39,http://wmsbeta.luxkutumb.info/lux-kutumb?qr=FB32400L/2/10/0000k7ub/022026
40,40,http://wmsbeta.luxkutumb.info/lux-kutumb?qr=FB32400L/2/10/0000k7ua/022026
40,40,http://wmsbeta.luxkutumb.info/lux-kutumb?qr=FW3240XL/2/10/0000k7uc/022026
40,40,http://wmsbeta.luxkutumb.info/lux-kutumb?qr=FB32400L/2/10/0000k7ub/022026
40,40,http://wmsbeta.luxkutumb.info/lux-kutumb?qr=FNCWN100/2/10/0000k7u9/022026
40,40,http://wmsbeta.luxkutumb.info/lux-kutumb?qr=FNCWN100/2/10/0000k7u8/022026
40,40,http://wmsbeta.luxkutumb.info/lux-kutumb?qr=FR32300M/2/10/0000K7U7/022026
41,41,http://wmsbeta.luxkutumb.info/lux-kutumb?qr=F076G055/2/05/0000k8pn/022026
41,41,http://wmsbeta.luxkutumb.info/lux-kutumb?qr=F076G055/2/05/0000k8qt/022026
41,41,http://wmsbeta.luxkutumb.info/lux-kutumb?qr=F076G055/2/05/0000k8qw/022026
41,41,http://wmsbeta.luxkutumb.info/lux-kutumb?qr=FH1LS110/3/05/0000k8pi/022026
41,41,http://wmsbeta.luxkutumb.info/lux-kutumb?qr=F076G055/2/05/0000k8qa/022026
41,41,http://wmsbeta.luxkutumb.info/lux-kutumb?qr=F076G055/2/05/0000k8qu/022026
49,49,http://wmsbeta.luxkutumb.info/lux-kutumb?qr=FW3240XL/2/10/0000k7uc/022026
49,49,http://wmsbeta.luxkutumb.info/lux-kutumb?qr=FB32400L/2/10/0000k7ua/022026
49,49,http://wmsbeta.luxkutumb.info/lux-kutumb?qr=FR32300M/2/10/0000K7U7/022026
49,49,http://wmsbeta.luxkutumb.info/lux-kutumb?qr=FNCWN100/2/10/0000k7u9/022026
49,49,http://wmsbeta.luxkutumb.info/lux-kutumb?qr=FB32400L/2/10/0000k7ub/022026
50,50,http://wmsbeta.luxkutumb.info/lux-kutumb?qr=FB32400L/2/10/0000k7ub/022026
50,50,http://wmsbeta.luxkutumb.info/lux-kutumb?qr=FW3240XL/2/10/0000k7uc/022026
50,50,http://wmsbeta.luxkutumb.info/lux-kutumb?qr=FNCWN100/2/10/0000k7u8/022026
50,50,http://wmsbeta.luxkutumb.info/lux-kutumb?qr=FB32400L/2/10/0000k7ua/022026
50,50,http://wmsbeta.luxkutumb.info/lux-kutumb?qr=FR32300M/2/10/0000K7U7/022026
50,50,http://wmsbeta.luxkutumb.info/lux-kutumb?qr=FNCWN100/2/10/0000k7u9/022026
51,51,http://wmsbeta.luxkutumb.info/lux-kutumb?qr=F076G055/2/05/0000k8pp/022026
51,51,http://wmsbeta.luxkutumb.info/lux-kutumb?qr=FG32400M/2/10/0000k8ud/022026
51,51,http://wmsbeta.luxkutumb.info/lux-kutumb?qr=F076G055/2/05/0000k8qs/022026
51,51,http://wmsbeta.luxkutumb.info/lux-kutumb?qr=F076G055/2/05/0000k8qd/022026
51,51,http://wmsbeta.luxkutumb.info/lux-kutumb?qr=FH1LS110/3/05/0000k8pk/022026
51,51,http://wmsbeta.luxkutumb.info/lux-kutumb?qr=F076G055/2/05/0000k8q8/022026
52,52,http://wmsbeta.luxkutumb.info/lux-kutumb?qr=F076G055/2/05/0000k8qs/022026
52,52,http://wmsbeta.luxkutumb.info/lux-kutumb?qr=FG32400M/2/10/0000k8ud/022026
52,52,http://wmsbeta.luxkutumb.info/lux-kutumb?qr=F076G055/2/05/0000k8q8/022026
52,52,http://wmsbeta.luxkutumb.info/lux-kutumb?qr=FH1LS110/3/05/0000k8pk/022026
52,52,http://wmsbeta.luxkutumb.info/lux-kutumb?qr=F076G055/2/05/0000k8qd/022026
52,52,http://wmsbeta.luxkutumb.info/lux-kutumb?qr=F076G055/2/05/0000k8pp/022026
53,53,http://wmsbeta.luxkutumb.info/lux-kutumb?qr=FG32400M/2/10/0000k8ud/022026
53,53,http://wmsbeta.luxkutumb.info/lux-kutumb?qr=F076G055/2/05/0000k8qd/022026
53,53,http://wmsbeta.luxkutumb.info/lux-kutumb?qr=F076G055/2/05/0000k8qs/022026
53,53,http://wmsbeta.luxkutumb.info/lux-kutumb?qr=FH1LS110/3/05/0000k8pk/022026
53,53,http://wmsbeta.luxkutumb.info/lux-kutumb?qr=F076G055/2/05/0000k8pp/022026
53,53,http://wmsbeta.luxkutumb.info/lux-kutumb?qr=F076G055/2/05/0000k8q8/022026
54,54,http://wmsbeta.luxkutumb.info/lux-kutumb?qr=FG32400M/2/10/0000k8ud/022026
54,54,http://wmsbeta.luxkutumb.info/lux-kutumb?qr=F076G055/2/05/0000k8q8/022026
54,54,http://wmsbeta.luxkutumb.info/lux-kutumb?qr=F076G055/2/05/0000k8qd/022026
54,54,http://wmsbeta.luxkutumb.info/lux-kutumb?qr=F076G055/2/05/0000k8pp/022026
54,54,http://wmsbeta.luxkutumb.info/lux-kutumb?qr=F076G055/2/05/0000k8qs/022026
54,54,http://wmsbeta.luxkutumb.info/lux-kutumb?qr=FH1LS110/3/05/0000k8pk/022026
55,55,http://wmsbeta.luxkutumb.info/lux-kutumb?qr=FH1LS110/3/05/0000k8pk/022026
55,55,http://wmsbeta.luxkutumb.info/lux-kutumb?qr=FG32400M/2/10/0000k8ud/022026
55,55,http://wmsbeta.luxkutumb.info/lux-kutumb?qr=F076G055/2/05/0000k8qs/022026
55,55,http://wmsbeta.luxkutumb.info/lux-kutumb?qr=F076G055/2/05/0000k8pp/022026
55,55,http://wmsbeta.luxkutumb.info/lux-kutumb?qr=F076G055/2/05/0000k8qd/022026
57,57,http://wmsbeta.luxkutumb.info/lux-kutumb?qr=FG32400M/2/10/0000k8un/022026
57,57,http://wmsbeta.luxkutumb.info/lux-kutumb?qr=FH1LS110/3/05/0000k8pl/022026
57,57,http://wmsbeta.luxkutumb.info/lux-kutumb?qr=F076G055/2/05/0000k8qx/022026
57,57,http://wmsbeta.luxkutumb.info/lux-kutumb?qr=FG32400M/2/10/0000k8v1/022026
57,57,http://wmsbeta.luxkutumb.info/lux-kutumb?qr=FG32400M/2/10/0000k8ur/022026
57,57,http://wmsbeta.luxkutumb.info/lux-kutumb?qr=FG32400M/2/10/0000k8ux/022026
58,58,http://wmsbeta.luxkutumb.info/lux-kutumb?qr=FH1LS110/3/05/0000k8pl/022026
58,58,http://wmsbeta.luxkutumb.info/lux-kutumb?qr=FG32400M/2/10/0000k8un/022026
58,58,http://wmsbeta.luxkutumb.info/lux-kutumb?qr=F076G055/2/05/0000k8qx/022026
58,58,http://wmsbeta.luxkutumb.info/lux-kutumb?qr=FG32400M/2/10/0000k8v1/022026
58,58,http://wmsbeta.luxkutumb.info/lux-kutumb?qr=FG32400M/2/10/0000k8ux/022026
62,62,http://wmsbeta.luxkutumb.info/lux-kutumb?qr=FH1LS110/3/05/0000k8pl/022026
62,62,http://wmsbeta.luxkutumb.info/lux-kutumb?qr=FG32400M/2/10/0000k8un/022026
62,62,http://wmsbeta.luxkutumb.info/lux-kutumb?qr=FG32400M/2/10/0000k8v1/022026
62,62,http://wmsbeta.luxkutumb.info/lux-kutumb?qr=FG32400M/2/10/0000k8ur/022026
62,62,http://wmsbeta.luxkutumb.info/lux-kutumb?qr=F076G055/2/05/0000k8qx/022026
62,62,http://wmsbeta.luxkutumb.info/lux-kutumb?qr=FG32400M/2/10/0000k8ux/022026
63,63,http://wmsbeta.luxkutumb.info/lux-kutumb?qr=F076G055/2/05/0000k8qs/022026
63,63,http://wmsbeta.luxkutumb.info/lux-kutumb?qr=FG32400M/2/10/0000k8ud/022026
63,63,http://wmsbeta.luxkutumb.info/lux-kutumb?qr=F076G055/2/05/0000k8qd/022026
63,63,http://wmsbeta.luxkutumb.info/lux-kutumb?qr=FH1LS110/3/05/0000k8pk/022026
63,63,http://wmsbeta.luxkutumb.info/lux-kutumb?qr=F076G055/2/05/0000k8pp/022026
63,63,http://wmsbeta.luxkutumb.info/lux-kutumb?qr=F076G055/2/05/0000k8q8/022026
64,64,http://wmsbeta.luxkutumb.info/lux-kutumb?qr=FG32400M/2/10/0000k8ud/022026
64,64,http://wmsbeta.luxkutumb.info/lux-kutumb?qr=FH1LS110/3/05/0000k8pk/022026
64,64,http://wmsbeta.luxkutumb.info/lux-kutumb?qr=F076G055/2/05/0000k8qs/022026
64,64,http://wmsbeta.luxkutumb.info/lux-kutumb?qr=F076G055/2/05/0000k8pp/022026
64,64,http://wmsbeta.luxkutumb.info/lux-kutumb?qr=F076G055/2/05/0000k8qd/022026
